﻿Designator,Footprint,Quantity,Value,LCSC Part #
D1,SMA_L4.2-W2.6-LS5.3-RD,1,SS14,C2480
"J1, J8",PinHeader_2x04_P2.54mm_Vertical,2,Conn_02x04_Counter_Clockwise,
J2,PinSocket_1x10_P2.54mm_Vertical,1,ATtiny_L,C2897373
J3,PinSocket_1x08_P2.54mm_Vertical,1,Conn_01x08_Socket,C27438
J4,PinSocket_1x10_P2.54mm_Vertical,1,ATtiny_R,C2897373
J5,JST_XH_S6B-XH-A-1_1x06_P2.50mm_Horizontal,1,Auriga_JST,C157919
"J6, J7",PinSocket_1x04_P2.54mm_GVSCLSDC,2,Conn_01x04_Socket,C2718488
"R1, R3, R5, R7, R9",R0603,5,100,C105588
"R10, R2, R4, R6, R8",R0603,5,10K,C25804
"U1, U2, U3, U4, U5",OPTO-TH_DY-ITR20001,5,ITR20001,C459138
